{
    "CollisionRadiusData": {
        "Head_0_0": {
            "Position": [-0.0002143907331628725, 0.1043068915605545, -0.03073578514158726],
            "Radius": 0.1086733788251877
        },
        "Head_1_0": {
            "Position": [-0.0003787761961575598, 0.1055386811494827, 0.03460174426436424],
            "Radius": 0.1086558699607849
        },
        "Head_1_1": {
            "Position": [-3.781258783419617e-05, 0.006502369418740273, 0.09743116050958633],
            "Radius": 0.07052920758724213
        },
        "LLowerArm_0_0": {
            "Position": [-0.0001543050166219473, 0.000249602657277137, -0.0002708357060328126],
            "Radius": 0.07712050527334213
        },
        "LLowerArm_0_1": {
            "Position": [-0.008649686351418495, 0.2717142403125763, -0.002711980603635311],
            "Radius": 0.05552792549133301
        },
        "LUpperArm_0_0": {
            "Position": [-0.01490742713212967, 0.002718910342082381, 0.007938796654343605],
            "Radius": 0.109940879046917
        },
        "LUpperArm_0_1": {
            "Position": [9.912940731737763e-05, 0.2954575717449188, -0.0002060999686364085],
            "Radius": 0.07650770246982574
        },
        "Neck_0_0": {
            "Position": [-0.0002161992015317082, 0.07674852013587952, -0.004858226981014013],
            "Radius": 0.09596221148967743
        },
        "Neck_0_1": {
            "Position": [-2.941467027994804e-05, -0.03749562427401543, -0.001848201616667211],
            "Radius": 0.1027818918228149
        },
        "RLowerArm_0_0": {
            "Position": [0.0003088352968916297, -0.0001152415497926995, 4.434274887898937e-05],
            "Radius": 0.07739727199077606
        },
        "RLowerArm_0_1": {
            "Position": [0.009379496797919273, 0.2713095843791962, -0.002252683509141207],
            "Radius": 0.05501364544034004
        },
        "RUpperArm_0_0": {
            "Position": [0.0161397997289896, 0.00200405134819448, 0.008280031383037567],
            "Radius": 0.1100281849503517
        },
        "RUpperArm_0_1": {
            "Position": [0.0002771294384729117, 0.2948447465896606, 1.245897419721587e-05],
            "Radius": 0.07667611539363861
        },
        "Torso_0_0": {
            "Position": [-8.575856918469071e-05, -0.2096733599901199, 0.1299079954624176],
            "Radius": 0.1451780647039414
        },
        "Torso_0_1": {
            "Position": [-0.000426120386691764, 0.03529263660311699, 0.03762804716825485],
            "Radius": 0.1696073710918427
        }
    }
}